,MATCH,TEAM,match,team,passes completed,total passes,passes acc,goals for,total shots,on-target,possession,fouls committed,fouls suffered,distance,distance poss,offsides,distance not poss,yellow,red,high intensity,low intensity,sprints,time opp half,time opp third,goals_against,WDL,year
0,1,MEX,1,MEX,447,561,75.28571429,1,14,5,57,13,17,116.18799999999999,50.923,0,41.044,0,0,10.42857143,80.92857143,1374.0,56.28571429,28.64285714,1,0,2010
1,1,RSA,1,RSA,209,335,64.53846154,1,9,5,43,17,11,118.853,39.796,0,53.838,0,0,12.07692308,79.92307692,1690.0,27.84615385,9.692307692,1,0,2010
2,2,FRA,2,FRA,369,531,69.78571429,0,18,3,50,20,13,101.506,42.821000000000005,4,36.607,3,0,8.928571429,83.14285714,1003.0,56.21428571,28.07142857,0,0,2010
3,2,URU,2,URU,277,434,54.07142857,0,7,3,50,13,20,101.215,35.133,5,43.615,4,1,9.5,82.85714286,926.0,30.21428571,9.857142857000001,0,0,2010
4,3,ARG,3,ARG,446,597,73.14285714,1,20,7,59,7,8,95.427,43.46,0,34.742,0,0,7.642857143,85.5,851.0,45.14285714,20.71428571,0,1,2010
5,3,NGA,3,NGA,231,367,62.35714286,0,11,1,41,8,7,93.54899999999999,32.891999999999996,0,43.966,0,0,6.928571429,86.35714286,737.0,38.71428571,16.71428571,1,-1,2010
6,4,GRE,4,GRE,340,500,65.57142857,0,6,2,50,12,12,105.61200000000001,43.471000000000004,0,44.931999999999995,0,0,8.785714286000001,83.28571429,945.0,46.35714286,20.64285714,2,-1,2010
7,4,KOR,4,KOR,333,499,60.35714286,2,18,7,50,14,11,108.831,45.395,0,45.653999999999996,0,0,11.21428571,79.14285714,1073.0,39.0,15.42857143,0,1,2010
8,5,ENG,5,ENG,339,487,73.14285714,1,18,8,58,12,11,108.154,40.736,0,36.078,0,0,9.142857142999999,82.78571429,949.0,42.92857143,19.21428571,1,0,2010
9,5,USA,5,USA,218,376,59.15384615,1,13,4,42,14,10,107.51799999999999,34.834,0,42.356,0,0,9.0,82.76923077,850.0,39.84615385,15.0,1,0,2010
10,6,ALG,6,ALG,343,479,67.85714286,0,11,2,52,17,10,99.868,39.244,0,41.886,0,0,8.428571429,83.42857143,855.0,40.21428571,15.35714286,1,-1,2010
11,6,SVN,6,SVN,398,537,70.07142857,1,7,4,48,10,16,106.275,43.271,0,43.513000000000005,0,0,8.428571429,83.57142857,902.0,44.42857143,16.85714286,0,1,2010
12,7,AUS,7,AUS,384,530,69.14285714,0,10,2,32,19,7,113.59299999999999,40.715,0,51.565,0,0,11.71428571,78.14285714,1213.0,41.71428571,14.64285714,4,-1,2010
13,7,GER,7,GER,472,616,66.21428571,4,16,10,68,10,18,112.177,48.318000000000005,0,41.157,0,0,9.5,81.78571429,1043.0,42.92857143,14.42857143,0,1,2010
14,8,GHA,8,GHA,339,466,65.5,1,16,3,50,15,8,97.69200000000001,37.208,0,44.321000000000005,0,0,8.357142857000001,84.35714286,937.0,36.42857143,12.42857143,0,1,2010
15,8,SRB,8,SRB,325,454,68.71428571,0,13,2,50,10,15,94.15,41.373999999999995,0,36.933,0,0,7.357142857,85.35714286,764.0,38.71428571,14.35714286,1,-1,2010
16,9,DEN,9,DEN,252,374,62.57142857,0,10,3,41,20,9,101.85600000000001,34.01,2,44.36,1,0,7.428571429,84.5,772.0,41.57142857,13.78571429,1,-1,2010
17,9,NED,9,NED,460,576,78.07142857,1,18,7,59,13,19,99.86200000000001,41.777,4,33.917,2,0,7.642857143,84.42857143,852.0,43.85714286,14.64285714,0,1,2010
18,10,CMR,10,CMR,341,481,68.07142857,0,11,4,50,29,18,102.958,41.791000000000004,2,33.896,1,0,7.714285714,84.42857143,782.0,49.5,23.28571429,1,-1,2010
19,10,JPN,10,JPN,230,389,50.71428571,1,5,5,50,20,29,109.94,34.314,4,46.183,1,0,9.857142857000001,81.64285714,971.0,31.71428571,12.28571429,0,1,2010
20,11,ITA,11,ITA,427,611,70.85714286,1,10,5,53,15,15,107.53,43.988,0,40.391999999999996,0,0,9.785714286000001,82.35714286,1106.0,44.85714286,20.0,1,0,2010
21,11,PAR,11,PAR,300,475,59.21428571,1,8,1,47,15,13,108.615,39.039,0,46.516000000000005,0,0,9.785714286000001,82.0,1140.0,38.92857143,13.35714286,1,0,2010
22,12,NZL,12,NZL,286,421,68.0,1,8,2,42,17,14,107.50200000000001,40.510999999999996,0,40.535,0,0,8.615384615,83.0,956.0,42.61538462,16.38461538,1,0,2010
23,12,SVK,12,SVK,248,407,51.64285714,1,13,3,58,15,17,105.76100000000001,38.260999999999996,0,40.37,0,0,8.785714286000001,83.07142857,817.0,39.07142857,12.92857143,1,0,2010
24,13,CIV,13,CIV,350,458,71.14285714,0,5,1,47,18,12,105.125,44.356,0,46.11600000000001,0,0,9.285714286000001,82.42857143,1036.0,40.35714286,18.14285714,0,0,2010
25,13,POR,13,POR,430,543,77.42857143,0,7,2,53,13,16,109.76299999999999,47.925,0,47.255,0,0,10.28571429,80.0,970.0,41.0,16.64285714,0,0,2010
26,14,BRA,14,BRA,595,715,79.64285714,2,26,10,61,9,9,103.404,52.339,3,34.769,1,0,9.642857142999999,81.78571429,896.0,52.07142857,24.5,1,1,2010
27,14,PRK,14,PRK,239,362,66.16666667,1,11,3,39,10,9,103.729,34.04,1,55.283,0,0,8.833333332999999,82.08333333,824.0,26.33333333,9.833333332999999,2,-1,2010
28,15,CHI,15,CHI,383,526,69.35714286,1,20,5,57,21,15,86.72200000000001,38.044000000000004,4,27.596,2,0,9.785714286000001,82.71428571,793.0,40.07142857,17.21428571,0,1,2010
29,15,HON,15,HON,201,347,57.07142857,0,7,2,43,15,20,100.554,30.584,2,45.868,1,0,8.714285713999999,83.35714286,951.0,40.5,15.42857143,1,-1,2010
30,16,ESP,16,ESP,527,683,69.07142857,0,24,8,67,8,19,104.26799999999999,51.81100000000001,2,27.581,0,0,12.14285714,79.42857143,1323.0,61.71428571,29.0,1,-1,2010
31,16,SUI,16,SUI,182,318,55.64285714,1,8,3,33,21,7,119.913,29.252,1,64.655,4,0,12.42857143,78.64285714,1484.0,18.21428571,3.857142857,0,1,2010
32,17,RSA,17,RSA,423,539,71.84615385,0,10,3,53,14,9,95.551,42.841,0,39.196999999999996,0,0,8.384615385,84.53846154,915.0,34.30769231,12.38461538,3,-1,2010
33,17,URU,17,URU,290,401,59.0,3,19,6,47,10,13,101.147,39.074,0,45.553000000000004,0,0,8.5,83.42857143,1052.0,40.71428571,18.85714286,0,1,2010
34,18,FRA,18,FRA,322,476,68.30769231,0,13,4,49,23,23,101.89200000000001,38.772,2,39.106,2,0,8.846153846,83.38461538,1024.0,53.92307692,24.84615385,2,-1,2010
35,18,MEX,18,MEX,286,433,64.14285714,2,12,5,51,25,22,108.87100000000001,40.025999999999996,4,42.315,4,0,9.714285713999999,82.07142857,1155.0,36.07142857,12.14285714,0,1,2010
36,19,GRE,19,GRE,352,455,76.38461538,2,27,11,55,13,15,96.792,36.717,0,31.331999999999997,0,0,8.307692308,84.61538462,782.0,45.38461538,22.76923077,1,1,2010
37,19,NGA,19,NGA,266,372,69.57142857,1,10,4,45,15,13,85.795,27.285,0,35.075,0,0,7.0,86.0,573.0,29.5,10.78571429,2,-1,2010
38,20,ARG,20,ARG,360,484,74.14285714,3,22,11,53,19,18,97.141,39.796,0,35.942,0,0,7.5,85.5,855.0,38.92857143,17.85714286,1,1,2010
39,20,KOR,20,KOR,207,336,62.15384615,1,13,2,47,19,18,103.086,36.611,0,44.851000000000006,0,0,8.615384615,83.53846154,960.0,38.92307692,18.38461538,3,-1,2010
40,21,GER,21,GER,459,570,75.21428571,0,15,4,51,19,9,102.92200000000001,45.092,0,41.607,0,0,9.0,82.92857143,1031.0,50.07142857,21.57142857,1,-1,2010
41,21,SRB,21,SRB,328,448,71.14285714,1,9,3,49,10,19,111.50200000000001,42.761,0,50.95399999999999,0,0,10.0,81.07142857,979.0,36.92857143,11.0,0,1,2010
42,22,SVN,22,SVN,276,406,63.35714286,2,7,4,51,15,16,106.815,39.6,0,41.725,0,0,10.42857143,81.07142857,919.0,44.57142857,19.21428571,2,0,2010
43,22,USA,22,USA,303,428,68.21428571,2,14,6,49,18,14,107.109,40.49,0,41.903999999999996,0,0,8.357142857000001,83.28571429,943.0,42.35714286,16.57142857,2,0,2010
44,23,ALG,23,ALG,383,530,67.14285714,0,11,1,47,13,12,106.884,45.006,0,41.696000000000005,0,0,8.5,83.07142857,939.0,39.14285714,14.92857143,0,0,2010
45,23,ENG,23,ENG,462,602,70.35714286,0,15,6,53,13,12,111.82600000000001,43.521,0,47.473,0,0,10.35714286,80.28571429,1102.0,45.85714286,19.14285714,0,0,2010
46,24,AUS,24,AUS,340,475,63.28571429,1,8,5,59,18,20,102.695,37.469,0,41.576,0,0,10.14285714,81.64285714,1090.0,42.35714286,17.85714286,1,0,2010
47,24,GHA,24,GHA,388,501,74.21428571,1,22,6,41,22,16,101.77600000000001,39.586,0,37.811,0,0,8.642857142999999,83.92857143,966.0,47.0,19.21428571,1,0,2010
48,25,JPN,25,JPN,259,406,65.07142857,0,10,3,35,11,17,108.60600000000001,30.429000000000002,1,52.333,0,0,11.0,80.57142857,1206.0,37.57142857,13.42857143,1,-1,2010
49,25,NED,25,NED,517,668,71.57142857,1,9,5,65,18,11,104.26100000000001,47.011,2,30.184,1,0,9.785714286000001,82.35714286,967.0,47.5,16.85714286,0,1,2010
50,26,CMR,26,CMR,429,559,74.5,1,23,8,53,9,10,99.675,42.437,1,37.427,2,0,8.642857142999999,83.92857143,1005.0,53.71428571,28.07142857,2,-1,2010
51,26,DEN,26,DEN,319,444,69.57142857,2,13,6,47,12,8,106.78,38.638000000000005,1,46.433,2,0,10.28571429,80.71428571,1054.0,30.78571429,9.071428571,1,1,2010
52,27,PAR,27,PAR,308,457,57.28571429,2,11,5,55,18,14,99.46799999999999,35.408,0,39.742,0,0,8.285714286000001,84.0,891.0,47.78571429,20.0,0,1,2010
53,27,SVK,27,SVK,330,469,68.53846154,0,6,1,45,14,16,99.12200000000001,39.098,0,36.556,0,0,7.153846154,85.84615385,797.0,38.46153846,12.84615385,2,-1,2010
54,28,ITA,28,ITA,426,571,71.5,1,23,7,54,11,23,105.88600000000001,48.908,0,33.17,0,0,9.285714286000001,82.5,952.0,58.42857143,31.35714286,1,0,2010
55,28,NZL,28,NZL,162,310,44.35714286,1,3,1,46,25,10,104.617,32.058,0,49.523,0,0,8.928571429,82.71428571,778.0,25.64285714,8.357142857000001,1,0,2010
56,29,BRA,29,BRA,456,545,75.46153846,3,12,6,54,17,23,97.67,38.744,0,34.483000000000004,0,0,8.230769231,84.76923077,765.0,39.0,11.76923077,1,1,2010
57,29,CIV,29,CIV,305,400,75.28571429,1,10,4,46,23,17,95.74799999999999,33.109,0,40.579,0,0,7.357142857,86.21428571,834.0,42.5,16.71428571,3,-1,2010
58,30,POR,30,POR,440,586,72.85714286,7,26,13,57,18,3,109.98100000000001,46.62,2,36.924,2,0,10.28571429,80.5,1127.0,46.21428571,19.78571429,0,1,2010
59,30,PRK,30,PRK,323,461,70.64285714,0,15,4,43,3,18,106.014,35.036,3,48.369,2,0,10.42857143,81.07142857,1271.0,35.5,12.14285714,7,-1,2010
60,31,CHI,31,CHI,437,570,73.71428571,1,20,7,58,19,26,111.52799999999999,50.59,0,33.634,0,0,9.857142857000001,81.85714286,1222.0,49.64285714,25.14285714,0,1,2010
61,31,SUI,31,SUI,165,296,56.0,0,7,1,42,26,13,103.406,30.683000000000003,0,47.435,0,0,9.285714286000001,81.92857143,989.0,40.21428571,16.92857143,1,-1,2010
62,32,ESP,32,ESP,486,632,74.07142857,2,22,7,66,9,17,105.572,45.857,1,37.09,0,0,9.571428571,81.64285714,1010.0,49.5,23.92857143,0,1,2010
63,32,HON,32,HON,293,429,68.5,0,9,0,34,19,9,104.53,34.601,7,48.318000000000005,2,0,9.0,82.14285714,886.0,35.07142857,11.78571429,2,-1,2010
64,33,MEX,33,MEX,476,595,79.35714286,0,11,2,54,20,13,106.235,49.918,0,36.406,0,0,9.071428571,82.71428571,945.0,47.21428571,22.21428571,1,-1,2010
65,33,URU,33,URU,188,315,56.76923077,1,15,5,46,13,20,102.155,33.17,0,48.98,0,0,8.384615385,84.38461538,1004.0,30.30769231,12.61538462,0,1,2010
66,34,FRA,34,FRA,309,428,63.92857143,1,10,4,50,10,12,98.76299999999999,36.324,6,37.755,1,1,9.0,82.57142857,956.0,41.42857143,15.78571429,2,-1,2010
67,34,RSA,34,RSA,381,491,78.71428571,2,21,10,50,12,10,106.661,38.44,3,40.645,0,0,8.571428571,83.07142857,936.0,42.35714286,16.0,1,1,2010
68,35,KOR,35,KOR,364,490,69.07142857,2,16,8,55,12,20,107.515,42.424,0,41.9,0,0,11.78571429,79.5,1041.0,41.71428571,15.57142857,2,0,2010
69,35,NGA,35,NGA,301,438,65.28571429,2,11,4,45,22,12,99.304,37.345,0,40.217,0,0,7.785714286,84.92857143,843.0,39.57142857,15.5,2,0,2010
70,36,ARG,36,ARG,662,800,82.28571429,2,22,12,67,8,13,99.455,56.025,0,26.575,0,0,9.357142857000001,82.57142857,927.0,56.14285714,29.57142857,0,1,2010
71,36,GRE,36,GRE,145,277,53.42857143,0,7,3,33,15,8,98.89200000000001,24.62,0,57.342,0,0,7.642857143,84.71428571,800.0,23.07142857,5.785714286,2,-1,2010
72,37,ENG,37,ENG,419,575,65.30769231,1,13,8,65,20,17,106.891,47.699,0,38.403,0,0,9.846153846,81.46153846,1081.0,48.46153846,22.69230769,0,1,2010
73,37,SVN,37,SVN,241,391,58.07692308,0,13,6,35,19,18,106.839,36.753,0,49.43,0,0,9.076923077,82.23076923,1063.0,38.30769231,14.92307692,1,-1,2010
74,38,ALG,38,ALG,331,447,68.78571429,0,19,4,53,21,8,104.54,39.025,0,40.471,0,0,10.14285714,82.07142857,1156.0,39.14285714,15.78571429,1,-1,2010
75,38,USA,38,USA,350,470,67.07142857,1,22,10,47,11,20,110.619,42.608999999999995,0,41.67,0,0,9.714285713999999,81.57142857,1227.0,46.85714286,21.14285714,0,1,2010
76,39,GER,39,GER,491,640,76.42857143,1,13,6,52,5,10,108.94,51.518,0,40.088,0,0,9.714285713999999,81.42857143,1098.0,40.0,15.28571429,0,1,2010
77,39,GHA,39,GHA,325,460,63.5,0,17,5,48,11,4,106.051,37.37,0,52.308,0,0,10.21428571,81.14285714,1037.0,44.35714286,13.0,1,-1,2010
78,40,AUS,40,AUS,321,481,63.21428571,2,17,7,50,25,9,121.508,42.431000000000004,0,58.461999999999996,0,0,13.07142857,76.5,1546.0,37.71428571,14.92857143,1,1,2010
79,40,SRB,40,SRB,418,579,63.85714286,1,23,6,50,10,25,117.075,56.088,0,41.37,0,0,10.42857143,79.92857143,1164.0,50.35714286,21.92857143,2,-1,2010
80,41,ITA,41,ITA,367,487,74.78571429,2,16,6,43,17,20,104.23100000000001,40.435,0,35.772,0,0,9.0,83.07142857,963.0,40.92857143,16.71428571,3,-1,2010
81,41,SVK,41,SVK,292,422,61.57142857,3,12,4,57,20,16,106.4,35.152,0,41.545,0,0,8.071428571,84.78571429,953.0,30.71428571,11.64285714,2,1,2010
82,42,NZL,42,NZL,215,362,60.76923077,0,4,0,46,19,11,97.495,31.503,0,46.13399999999999,0,0,7.538461538,85.0,770.0,34.46153846,11.38461538,0,0,2010
83,42,PAR,42,PAR,439,580,70.23076923,0,17,5,54,13,17,102.55,46.135,0,33.861,0,0,7.461538462,85.0,864.0,50.07692308,20.69230769,0,0,2010
84,43,DEN,43,DEN,464,592,76.35714286,1,19,7,49,23,10,107.51799999999999,44.813,0,33.841,0,0,9.142857142999999,82.0,994.0,50.64285714,23.42857143,3,-1,2010
85,43,JPN,43,JPN,220,348,57.0,3,15,10,51,10,23,112.904,34.123000000000005,0,47.896,0,0,10.28571429,81.35714286,1235.0,30.5,13.64285714,1,1,2010
86,44,CMR,44,CMR,431,616,67.78571429,1,15,3,51,18,13,102.38600000000001,44.28,3,39.905,2,0,8.071428571,84.0,977.0,45.28571429,18.07142857,2,-1,2010
87,44,NED,44,NED,369,563,62.71428571,2,15,8,49,15,17,104.397,38.98,6,45.788000000000004,3,0,8.357142857000001,83.71428571,956.0,38.78571429,11.85714286,1,1,2010
88,45,BRA,45,BRA,596,712,79.57142857,0,19,5,63,18,10,102.22200000000001,50.544,0,31.619,0,0,8.785714286000001,83.28571429,965.0,52.28571429,23.21428571,0,0,2010
89,45,POR,45,POR,275,398,66.21428571,0,13,3,37,11,16,108.585,32.693000000000005,0,55.794,0,0,9.714285713999999,81.92857143,1120.0,25.14285714,8.357142857000001,0,0,2010
90,46,CIV,46,CIV,470,622,74.42857143,3,28,14,71,16,13,105.46600000000001,51.915,4,34.602,0,0,8.714285713999999,83.42857143,941.0,59.0,31.85714286,0,1,2010
91,46,PRK,46,PRK,242,414,59.75,0,7,3,29,13,16,104.897,32.882,2,54.062,0,0,9.083333332999999,82.91666667,963.0,21.66666667,5.916666667,3,-1,2010
92,47,CHI,47,CHI,292,406,68.28571429,1,9,4,41,21,13,100.296,32.258,3,45.934,4,1,10.28571429,80.85714286,1077.0,33.92857143,12.64285714,2,-1,2010
93,47,ESP,47,ESP,617,734,81.61538462,2,9,3,59,13,20,103.66,44.77,1,35.602,0,0,9.230769231,82.38461538,886.0,47.46153846,17.0,1,1,2010
94,48,HON,48,HON,263,401,63.0,0,8,2,50,18,11,94.613,29.026999999999997,9,43.787,4,0,8.0,85.42857143,900.0,32.5,11.5,0,0,2010
95,48,SUI,48,SUI,485,611,74.57142857,0,17,5,50,12,17,104.758,47.203,2,34.247,1,0,9.357142857000001,82.5,1074.0,56.5,27.5,0,0,2010
96,49,KOR,49,KOR,424,596,70.30769231,1,15,5,52,12,10,108.369,49.449,0,38.656,0,0,9.615384615,81.69230769,1095.0,49.30769231,25.23076923,2,-1,2010
97,49,URU,49,URU,268,434,57.21428571,2,14,8,48,12,11,106.575,36.622,0,49.672,0,0,9.785714286000001,82.0,1212.0,29.85714286,12.78571429,1,1,2010
98,50,GHA,50,GHA,451,711,61.71428571,2,16,6,53,19,10,140.317,57.211000000000006,0,58.292,0,0,8.928571429,83.64285714,1341.0,35.57142857,12.07142857,1,1,2010
99,50,USA,50,USA,381,632,58.28571429,1,20,6,47,11,18,148.231,59.302,0,62.64,0,0,9.285714286000001,82.5,1465.0,46.57142857,20.42857143,2,-1,2010
100,51,ENG,51,ENG,357,508,66.0,1,19,9,51,6,7,106.896,40.616,0,43.126000000000005,0,0,9.785714286000001,82.35714286,1059.0,44.35714286,18.85714286,4,-1,2010
101,51,GER,51,GER,273,411,69.85714286,4,17,7,49,7,6,108.37700000000001,40.681,0,41.952,0,0,9.214285713999999,82.35714286,1003.0,42.21428571,17.0,1,1,2010
102,52,ARG,52,ARG,380,522,70.35714286,3,11,6,59,11,25,101.555,36.875,0,42.531000000000006,0,0,7.928571429,83.78571429,850.0,34.42857143,12.64285714,1,1,2010
103,52,MEX,52,MEX,389,522,74.15384615,1,16,6,41,26,11,108.071,42.763999999999996,0,42.475,0,0,8.846153846,82.30769231,998.0,45.23076923,19.46153846,3,-1,2010
104,53,NED,53,NED,391,527,69.71428571,2,16,9,51,17,18,103.024,39.196,2,40.061,2,0,8.0,84.64285714,957.0,43.35714286,16.21428571,1,1,2010
105,53,SVK,53,SVK,366,504,69.0,1,12,3,49,19,16,105.925,40.123000000000005,3,42.615,3,0,9.142857142999999,82.21428571,906.0,41.35714286,14.07142857,2,-1,2010
106,54,BRA,54,BRA,282,451,56.57142857,3,16,6,56,14,17,100.54899999999999,38.467,0,39.211999999999996,0,0,7.857142857,84.78571429,1005.0,35.78571429,12.78571429,0,1,2010
107,54,CHI,54,CHI,329,507,64.71428571,0,15,3,44,18,14,108.56200000000001,42.228,0,43.025,0,0,10.5,80.92857143,1273.0,44.71428571,18.78571429,3,-1,2010
108,55,JPN,55,JPN,225,428,49.28571429,3,12,5,44,29,23,133.069,40.468,0,56.695,0,0,9.142857142999999,83.57142857,1357.0,36.85714286,15.85714286,5,-1,2010
109,55,PAR,55,PAR,368,615,55.57142857,5,13,6,56,26,24,134.529,55.263000000000005,0,43.214,0,0,8.571428571,83.92857143,1387.0,47.64285714,20.5,3,1,2010
110,56,ESP,56,ESP,635,754,76.35714286,1,19,10,62,13,18,107.11,51.888000000000005,0,37.29,1,0,12.07142857,79.07142857,1078.0,43.35714286,17.78571429,0,1,2010
111,56,POR,56,POR,315,453,67.78571429,0,9,3,38,18,13,112.28399999999999,36.709,3,57.42,1,1,10.35714286,79.42857143,1013.0,35.07142857,12.78571429,1,-1,2010
112,57,BRA,57,BRA,325,435,76.69230769,1,15,4,58,20,17,96.199,34.806,2,35.721,1,1,7.461538462,85.84615385,936.0,39.84615385,16.38461538,2,-1,2010
113,57,NED,57,NED,307,422,66.91666667,2,11,5,42,19,20,97.68799999999999,34.385,2,36.961999999999996,4,0,8.0,85.16666667,957.0,39.5,15.25,1,1,2010
114,58,GHA,58,GHA,350,615,56.15384615,3,26,8,52,23,22,131.173,51.363,0,44.985,0,0,7.230769231,85.46153846,1093.0,43.46153846,19.61538462,5,-1,2010
115,58,URU,58,URU,254,493,53.0,5,14,6,48,23,20,135.74,45.345,0,54.208,0,0,8.071428571,84.64285714,1377.0,37.92857143,16.64285714,3,1,2010
116,59,ARG,59,ARG,446,623,68.0,0,20,7,61,20,13,100.485,43.043,0,37.163000000000004,0,0,8.615384615,83.61538462,995.0,45.84615385,21.46153846,4,-1,2010
117,59,GER,59,GER,334,529,59.64285714,4,18,6,39,14,18,106.85600000000001,37.207,0,46.583,0,0,9.071428571,82.42857143,993.0,32.28571429,13.07142857,0,1,2010
118,60,ESP,60,ESP,532,672,78.35714286,1,16,6,62,12,23,101.087,46.745,1,28.195999999999998,2,0,7.642857143,84.42857143,812.0,43.21428571,18.71428571,0,1,2010
119,60,PAR,60,PAR,190,347,54.5,0,9,4,38,25,11,105.689,26.590999999999998,2,52.676,4,0,8.214285713999999,84.42857143,1054.0,40.14285714,12.85714286,1,-1,2010
120,61,NED,61,NED,390,610,58.23076923,3,11,7,64,16,13,108.39,44.632,5,39.760999999999996,3,0,9.230769231,82.76923077,1002.0,34.0,12.30769231,2,1,2010
121,61,URU,61,URU,326,565,56.61538462,2,12,6,36,15,15,110.59100000000001,39.016,4,48.141000000000005,2,0,8.923076923,83.0,1071.0,45.30769231,21.92307692,3,-1,2010
122,62,ESP,62,ESP,590,731,69.71428571,1,13,5,61,7,9,109.335,47.625,1,47.82899999999999,0,0,12.0,79.35714286,1052.0,41.35714286,19.0,0,1,2010
123,62,GER,62,GER,441,589,69.35714286,0,5,2,39,9,7,111.72399999999999,44.865,2,52.725,0,0,9.642857142999999,81.35714286,1031.0,38.14285714,17.42857143,1,-1,2010
124,63,GER,63,GER,393,591,59.71428571,3,18,7,58,11,12,107.914,45.828,0,39.888000000000005,0,0,9.142857142999999,82.57142857,1004.0,38.71428571,15.64285714,2,1,2010
125,63,URU,63,URU,303,485,57.23076923,2,16,7,42,13,10,105.759,37.692,0,46.551,0,0,9.076923077,83.15384615,1173.0,41.23076923,16.61538462,3,-1,2010
126,64,ESP,64,ESP,542,715,72.85714286,1,19,6,60,19,28,136.362,54.099,6,44.827,5,0,8.357142857000001,83.85714286,1220.0,47.35714286,19.78571429,0,1,2010
127,64,NED,64,NED,294,475,61.5,0,13,5,40,28,18,134.218,42.056000000000004,7,56.06100000000001,9,1,8.357142857000001,84.42857143,1147.0,33.5,12.21428571,1,-1,2010
0,1,BRA,1,BRA,433,566,67.78571429,3,14,9,61,5,20,102.09200000000001,40.566,1,31.48,2,0,9.571428571,83.28571429,329.0,49.14285714,27.92857143,1,1,2014
1,1,CRO,1,CRO,284,410,67.07692308,1,10,4,39,21,5,109.164,32.441,0,45.832,2,0,9.461538462,82.0,334.0,33.46153846,15.07692308,3,-1,2014
2,2,CMR,2,CMR,284,391,70.38461538,0,10,4,38,12,9,100.065,27.962,3,38.934,1,0,7.538461538,85.92307692,318.0,41.61538462,19.61538462,1,-1,2014
3,2,MEX,2,MEX,484,598,74.64285714,1,9,5,62,11,11,104.435,38.438,5,30.041999999999998,1,0,9.357142857000001,83.0,320.0,44.07142857,18.0,0,1,2014
4,3,ESP,3,ESP,566,680,80.64285714,1,9,6,64,5,17,102.037,39.998000000000005,0,34.605,0,0,8.071428571,84.21428571,340.0,47.0,19.07142857,5,-1,2014
5,3,NED,3,NED,318,425,73.71428571,5,13,11,36,18,4,109.381,36.945,0,43.748999999999995,0,0,9.5,82.14285714,384.0,35.0,12.92857143,1,1,2014
6,4,AUS,4,AUS,324,434,72.07142857,1,13,6,35,18,8,115.89,32.605,1,54.831,3,0,10.92857143,79.28571429,388.0,36.85714286,15.92857143,3,-1,2014
7,4,CHI,4,CHI,615,729,82.0,3,11,9,65,9,18,113.55,50.997,1,33.257,1,0,10.71428571,80.57142857,475.0,49.57142857,21.0,1,1,2014
8,5,COL,5,COL,328,430,74.57142857,3,12,8,48,19,14,107.616,36.943000000000005,0,41.128,0,0,9.571428571,82.64285714,366.0,37.85714286,16.64285714,0,1,2014
9,5,GRE,5,GRE,377,501,75.28571429,0,12,7,52,14,17,104.851,39.888000000000005,0,36.408,0,0,9.214285713999999,83.14285714,325.0,44.28571429,21.5,3,-1,2014
10,6,CIV,6,CIV,456,570,77.71428571,2,20,10,58,12,13,97.225,39.681,3,31.274,2,0,7.714285714,85.85714286,299.0,44.92857143,19.85714286,1,1,2014
11,6,JPN,6,JPN,326,456,69.78571429,1,7,4,42,13,11,108.251,33.787,1,46.251999999999995,2,0,8.928571429,82.71428571,403.0,40.14285714,15.71428571,2,-1,2014
12,7,CRC,7,CRC,313,443,62.14285714,3,12,4,44,18,20,108.605,31.894000000000002,0,34.327,0,0,8.571428571,83.57142857,306.0,43.5,20.64285714,1,1,2014
13,7,URU,7,URU,387,513,74.21428571,1,9,5,56,20,18,104.258,32.419000000000004,0,30.92,0,0,8.642857142999999,83.35714286,275.0,42.35714286,17.21428571,3,-1,2014
14,8,ENG,8,ENG,467,544,85.07142857,1,18,8,44,8,12,107.25200000000001,40.389,0,45.937,0,0,8.214285713999999,83.78571429,301.0,52.14285714,28.42857143,2,-1,2014
15,8,ITA,8,ITA,606,679,85.92857143,2,12,5,56,12,8,110.458,45.973,0,43.791000000000004,0,0,9.0,82.14285714,301.0,30.57142857,12.64285714,1,1,2014
16,9,ECU,9,ECU,266,376,70.61538462,1,10,6,38,15,9,98.916,29.590999999999998,0,40.455999999999996,0,0,7.769230769,85.53846154,306.0,36.23076923,16.15384615,2,-1,2014
17,9,SUI,9,SUI,468,583,78.46153846,2,18,12,62,9,14,113.62799999999999,45.034,0,36.512,0,0,10.15384615,81.07692308,397.0,49.61538462,25.07692308,1,1,2014
18,10,FRA,10,FRA,624,717,84.07142857,2,20,10,71,13,12,108.179,49.888000000000005,1,29.48,3,0,9.571428571,81.92857143,338.0,59.71428571,32.14285714,0,1,2014
19,10,HON,10,HON,251,347,73.5,0,4,2,29,14,13,98.773,25.456,2,47.571999999999996,2,0,8.428571429,83.85714286,320.0,19.28571429,5.071428571,2,-1,2014
20,11,ARG,11,ARG,536,637,80.35714286,1,11,5,59,10,13,105.432,42.545,0,38.247,1,0,9.428571429,82.42857143,337.0,40.5,16.0,1,0,2014
21,11,BIH,11,BIH,392,498,76.35714286,1,16,11,41,14,9,115.488,40.018,3,49.12,1,0,10.57142857,79.71428571,388.0,40.64285714,18.64285714,1,0,2014
22,12,IRN,12,IRN,192,309,63.92307692,0,7,3,31,18,14,108.289,27.491,0,46.086999999999996,0,0,9.615384615,81.92307692,363.0,27.38461538,10.23076923,0,0,2014
23,12,NGA,12,NGA,464,602,73.71428571,0,10,6,69,16,18,100.104,40.97,0,27.237,0,0,7.928571429,84.57142857,330.0,50.92857143,24.92857143,0,0,2014
24,13,GER,13,GER,483,588,81.28571429,4,13,9,57,8,11,111.65100000000001,42.722,2,39.835,0,0,9.571428571,81.35714286,318.0,38.64285714,17.57142857,0,1,2014
25,13,POR,13,POR,391,491,79.21428571,0,14,9,43,11,8,101.868,34.396,1,41.538000000000004,1,1,8.928571429,82.71428571,306.0,38.92857143,15.71428571,4,-1,2014
26,14,GHA,14,GHA,445,588,74.85714286,1,21,8,62,10,12,110.574,42.245,0,30.455,0,0,9.071428571,83.0,418.0,52.21428571,25.42857143,2,-1,2014
27,14,USA,14,USA,281,429,65.42857143,2,8,7,38,12,10,116.978,31.301,0,46.071000000000005,0,0,9.285714286000001,82.0,410.0,31.21428571,12.57142857,1,1,2014
28,15,ALG,15,ALG,206,336,64.07142857,1,3,1,33,18,18,113.469,28.401999999999997,0,52.847,0,0,10.0,81.07142857,294.0,24.92857143,8.928571429,2,-1,2014
29,15,BEL,15,BEL,547,665,76.78571429,2,16,10,67,20,17,109.962,49.566,0,28.901,0,0,9.428571429,82.07142857,306.0,59.5,31.85714286,1,1,2014
30,16,KOR,16,KOR,426,550,76.14285714,1,10,6,51,7,15,108.12899999999999,39.673,0,39.585,0,0,8.571428571,82.5,311.0,36.64285714,17.21428571,1,0,2014
31,16,RUS,16,RUS,408,542,73.92857143,1,16,10,49,15,7,113.809,40.529,0,43.96,0,0,10.71428571,79.57142857,334.0,43.5,21.35714286,1,0,2014
32,17,BRA,17,BRA,352,476,73.14285714,0,14,8,53,13,17,97.35,35.177,0,34.195,0,0,8.071428571,85.0,318.0,47.42857143,23.07142857,0,0,2014
33,17,MEX,17,MEX,299,404,67.92857143,0,13,3,47,18,13,100.234,33.676,0,37.56,0,0,9.071428571,84.21428571,313.0,40.28571429,17.71428571,0,0,2014
34,18,CMR,18,CMR,273,384,69.35714286,0,18,7,42,11,9,92.57,26.656,0,33.655,0,1,7.928571429,84.92857143,314.0,44.07142857,20.42857143,4,-1,2014
35,18,CRO,18,CRO,361,466,75.21428571,4,21,14,58,9,11,101.454,34.796,4,30.241999999999997,1,0,8.642857142999999,84.35714286,354.0,42.07142857,19.28571429,0,1,2014
36,19,CHI,19,CHI,332,464,72.35714286,2,7,4,63,15,14,117.59,33.43,0,53.663000000000004,0,0,11.78571429,80.07142857,462.0,30.07142857,10.78571429,0,1,2014
37,19,ESP,19,ESP,579,705,79.14285714,0,15,9,37,14,15,109.257,49.152,0,32.385,0,0,8.928571429,83.07142857,369.0,54.64285714,26.92857143,2,-1,2014
38,20,AUS,20,AUS,376,500,66.28571429,2,10,8,50,18,22,120.554,40.638000000000005,1,47.526,1,0,11.71428571,78.57142857,413.0,47.78571429,20.42857143,3,-1,2014
39,20,NED,20,NED,384,496,70.71428571,3,15,14,50,25,18,115.075,44.45399999999999,1,39.949,1,0,10.5,80.0,383.0,38.42857143,12.85714286,2,1,2014
40,21,CIV,21,CIV,377,484,75.78571429,1,15,12,55,14,11,94.689,35.338,0,30.493000000000002,0,0,7.714285714,85.85714286,305.0,50.14285714,26.07142857,2,-1,2014
41,21,COL,21,COL,292,407,70.21428571,2,11,7,45,11,13,102.06299999999999,32.047,0,38.857,0,0,8.428571429,84.28571429,348.0,31.85714286,13.64285714,1,1,2014
42,22,GRE,22,GRE,144,243,58.57142857,0,9,5,26,18,21,95.556,20.88,3,40.489000000000004,2,0,8.071428571,85.07142857,301.0,31.14285714,13.5,0,0,2014
43,22,JPN,22,JPN,570,662,85.53846154,0,16,11,74,23,17,102.025,42.755,1,23.38,1,0,8.230769231,84.07692308,349.0,52.07692308,28.0,0,0,2014
44,23,ENG,23,ENG,415,548,70.21428571,1,13,8,62,12,16,104.21799999999999,41.688,0,26.921,0,0,9.0,83.64285714,384.0,50.57142857,28.57142857,2,-1,2014
45,23,URU,23,URU,185,320,59.0,2,10,6,38,17,12,105.352,26.594,0,43.001999999999995,0,0,9.785714286000001,82.5,404.0,30.07142857,13.71428571,1,1,2014
46,24,CRC,24,CRC,304,406,71.71428571,1,10,6,61,24,10,107.1,30.793000000000003,0,45.013000000000005,0,0,8.785714286000001,83.5,334.0,40.14285714,15.28571429,0,1,2014
47,24,ITA,24,ITA,522,612,78.0,0,10,6,39,10,22,104.469,41.956,0,32.281,0,0,8.071428571,84.14285714,269.0,45.92857143,17.14285714,1,-1,2014
48,25,FRA,25,FRA,335,443,76.28571429,5,22,16,41,16,12,105.639,33.069,0,42.58,0,0,9.0,83.14285714,363.0,33.92857143,12.21428571,2,1,2014
49,25,SUI,25,SUI,469,578,80.64285714,2,17,8,59,12,15,106.16799999999999,42.103,0,34.193000000000005,0,0,8.928571429,83.21428571,364.0,41.78571429,17.92857143,5,-1,2014
50,26,ECU,26,ECU,303,439,60.57142857,2,8,5,50,17,13,95.04299999999999,32.844,1,31.092,3,0,7.571428571,86.0,305.0,39.14285714,18.5,1,1,2014
51,26,HON,26,HON,299,429,68.07142857,1,16,9,50,15,15,95.8,30.607,1,34.549,2,0,7.285714286,86.14285714,329.0,38.14285714,15.71428571,2,-1,2014
52,27,ARG,27,ARG,510,630,75.71428571,1,19,9,74,8,14,100.29899999999999,46.628,0,21.984,0,0,8.0,85.14285714,323.0,57.21428571,33.28571429,0,1,2014
53,27,IRN,27,IRN,136,242,58.07142857,0,8,4,26,14,7,108.03,22.35,1,51.201,2,0,10.0,82.07142857,333.0,22.21428571,10.0,1,-1,2014
54,28,BIH,28,BIH,475,596,75.78571429,0,18,10,59,7,9,110.32,46.479,0,39.32,0,0,9.285714286000001,82.78571429,349.0,48.85714286,23.85714286,1,-1,2014
55,28,NGA,28,NGA,299,422,65.92307692,1,20,13,41,9,7,103.273,34.843,0,45.498999999999995,0,0,8.461538462,84.15384615,348.0,35.07692308,15.61538462,0,1,2014
56,29,GER,29,GER,584,713,78.92857143,2,11,6,62,11,16,116.87799999999999,49.43,1,39.879,0,0,10.71428571,80.07142857,389.0,44.85714286,20.28571429,2,0,2014
57,29,GHA,29,GHA,335,453,75.92857143,2,20,10,38,17,11,110.73700000000001,36.735,5,48.211000000000006,1,0,10.21428571,81.57142857,412.0,38.57142857,16.0,2,0,2014
58,30,POR,30,POR,488,582,84.5,2,20,9,52,14,11,106.515,39.711999999999996,0,38.468,0,0,8.428571429,83.57142857,293.0,46.78571429,21.07142857,2,0,2014
59,30,USA,30,USA,453,553,75.5,2,15,10,48,11,13,110.29,38.661,0,42.535,0,0,9.571428571,82.35714286,357.0,33.42857143,11.71428571,2,0,2014
60,31,BEL,31,BEL,355,500,68.64285714,1,11,7,51,14,7,108.154,37.794000000000004,0,37.677,0,0,9.214285713999999,83.35714286,334.0,43.85714286,20.85714286,0,1,2014
61,31,RUS,31,RUS,329,470,66.92857143,0,13,6,49,9,12,117.708,39.696999999999996,0,43.19,0,0,11.5,79.5,400.0,37.28571429,16.14285714,1,-1,2014
62,32,ALG,32,ALG,331,458,66.0,4,15,8,48,16,13,113.819,37.1,0,40.645,0,0,10.14285714,80.92857143,440.0,33.14285714,16.0,2,1,2014
63,32,KOR,32,KOR,356,491,66.42857143,2,9,6,52,13,16,112.902,39.248000000000005,0,37.639,0,0,10.07142857,81.07142857,412.0,47.71428571,24.64285714,4,-1,2014
64,33,BRA,33,BRA,373,486,74.0,4,19,18,55,19,14,101.583,38.266999999999996,3,31.825,0,0,9.714285713999999,83.0,431.0,42.14285714,19.5,1,1,2014
65,33,CMR,33,CMR,321,433,71.14285714,1,12,6,45,14,19,99.309,30.414,1,37.746,3,0,8.285714286000001,84.92857143,362.0,44.0,17.85714286,4,-1,2014
66,34,CRO,34,CRO,376,506,70.21428571,1,10,5,55,18,11,103.735,37.222,0,31.418000000000003,0,0,8.642857142999999,84.35714286,378.0,44.42857143,22.92857143,3,-1,2014
67,34,MEX,34,MEX,299,434,73.42857143,3,12,7,45,12,18,108.234,31.230999999999998,0,39.516999999999996,0,0,9.428571429,82.71428571,365.0,39.5,19.57142857,1,1,2014
68,35,AUS,35,AUS,415,542,74.5,0,4,0,42,14,9,117.868,38.687,1,53.63,2,0,11.14285714,78.85714286,389.0,42.57142857,17.42857143,3,-1,2014
69,35,ESP,35,ESP,572,705,80.85714286,3,11,8,58,9,13,114.164,50.088,6,37.632,1,0,9.642857142999999,80.78571429,331.0,45.78571429,20.42857143,0,1,2014
70,36,CHI,36,CHI,479,609,75.35714286,0,7,1,68,14,23,104.228,41.278,0,26.573,0,0,9.357142857000001,83.0,406.0,50.5,23.35714286,2,-1,2014
71,36,NED,36,NED,197,317,58.07142857,2,13,8,32,26,13,103.796,26.616,0,42.498000000000005,0,0,9.071428571,83.07142857,341.0,31.85714286,13.42857143,0,1,2014
72,37,COL,37,COL,265,401,64.71428571,4,13,9,39,19,10,104.805,35.762,2,41.167,1,0,8.285714286000001,84.64285714,375.0,28.5,11.64285714,1,1,2014
73,37,JPN,37,JPN,380,517,71.85714286,1,23,13,61,10,19,107.211,42.7,0,36.83,1,0,10.57142857,81.07142857,430.0,54.28571429,28.42857143,4,-1,2014
74,38,CIV,38,CIV,382,478,71.92857143,1,13,9,46,23,12,95.43700000000001,33.348,0,29.811999999999998,0,0,7.714285714,86.0,305.0,37.71428571,16.28571429,2,-1,2014
75,38,GRE,38,GRE,265,351,67.5,2,13,5,54,13,22,103.751,30.785,0,37.608000000000004,0,0,7.857142857,85.85714286,341.0,40.5,18.78571429,1,1,2014
76,39,ITA,39,ITA,452,568,74.35714286,0,9,5,57,19,19,106.39,38.768,0,32.253,0,0,8.928571429,82.78571429,264.0,40.64285714,20.78571429,1,-1,2014
77,39,URU,39,URU,323,446,71.71428571,1,14,9,43,20,15,104.30799999999999,30.680999999999997,0,38.853,0,0,8.785714286000001,83.35714286,281.0,43.57142857,22.5,0,1,2014
78,40,CRC,40,CRC,333,468,70.85714286,0,4,3,44,17,14,108.973,34.494,0,42.667,0,0,10.28571429,81.21428571,393.0,37.92857143,12.78571429,0,0,2014
79,40,ENG,40,ENG,404,552,69.92857143,0,8,3,56,17,17,107.475,40.242,0,35.187,0,0,9.928571429,82.14285714,400.0,47.5,20.57142857,0,0,2014
80,41,HON,41,HON,496,599,79.71428571,0,13,6,62,17,18,93.757,38.874,0,30.019000000000002,1,0,6.857142857,86.85714286,275.0,51.0,23.5,3,-1,2014
81,41,SUI,41,SUI,282,382,67.35714286,3,16,13,38,18,17,105.90799999999999,32.5,2,45.121,0,0,8.428571429,83.35714286,298.0,34.78571429,13.0,0,1,2014
82,42,ECU,42,ECU,230,366,54.92857143,0,11,7,32,17,6,102.291,29.497,0,43.661,0,0,8.857142857000001,83.71428571,356.0,32.14285714,11.14285714,0,0,2014
83,42,FRA,42,FRA,508,640,78.92857143,0,20,13,68,6,15,110.973,45.551,0,34.089,0,0,9.642857142999999,82.28571429,407.0,50.57142857,27.0,0,0,2014
84,43,ARG,43,ARG,479,615,76.71428571,3,18,13,39,6,17,102.06200000000001,40.339,1,34.457,0,0,9.5,83.0,359.0,46.78571429,22.92857143,2,1,2014
85,43,NGA,43,NGA,308,435,69.76923077,2,12,7,61,17,6,102.348,32.948,1,42.521,2,0,9.0,83.38461538,394.0,37.76923077,16.38461538,3,-1,2014
86,44,BIH,44,BIH,543,670,76.35714286,3,13,9,66,20,16,111.96700000000001,48.513000000000005,0,30.147,0,0,9.0,82.85714286,359.0,44.35714286,18.78571429,1,1,2014
87,44,IRN,44,IRN,276,399,68.28571429,1,7,5,34,17,19,107.15799999999999,28.165,0,48.348,0,0,9.214285713999999,82.78571429,385.0,39.28571429,18.21428571,3,-1,2014
88,45,GER,45,GER,725,819,84.07142857,1,13,9,67,9,14,112.791,51.544,7,33.715,1,0,9.785714286000001,81.35714286,333.0,54.21428571,23.57142857,0,1,2014
89,45,USA,45,USA,363,458,75.84615385,0,4,1,33,15,9,114.545,31.429000000000002,2,55.756,2,0,10.15384615,81.07692308,423.0,31.61538462,11.15384615,1,-1,2014
90,46,GHA,46,GHA,285,424,68.5,1,18,6,42,16,20,111.495,35.999,0,43.635,0,0,10.14285714,81.71428571,410.0,42.64285714,18.35714286,1,0,2014
91,46,POR,46,POR,418,568,70.64285714,1,19,10,58,21,16,114.66,42.76,0,38.512,0,0,9.571428571,82.14285714,409.0,40.0,17.78571429,1,0,2014
92,47,BEL,47,BEL,285,421,66.42857143,1,16,11,45,11,16,104.697,34.342,0,38.593,0,0,9.214285713999999,82.85714286,370.0,42.5,20.78571429,0,1,2014
93,47,KOR,47,KOR,368,501,72.92857143,0,18,12,55,16,11,111.96700000000001,39.974000000000004,0,37.427,0,0,10.21428571,81.0,438.0,44.14285714,22.35714286,1,-1,2014
94,48,ALG,48,ALG,322,465,60.71428571,1,8,6,43,15,14,110.182,36.871,0,45.788999999999994,0,0,10.57142857,81.0,419.0,38.64285714,17.07142857,1,0,2014
95,48,RUS,48,RUS,440,588,71.35714286,1,10,7,57,14,15,115.921,47.208,0,40.171,0,0,10.57142857,80.0,390.0,46.57142857,23.78571429,1,0,2014
96,49,BRA,49,BRA,393,574,66.64285714,4,23,13,48,28,21,136.32299999999998,43.38399999999999,0,48.61,0,0,8.642857142999999,84.21428571,452.0,47.07142857,23.28571429,3,1,2014
97,49,CHI,49,CHI,424,593,62.5,3,13,5,52,23,26,145.832,50.821000000000005,0,46.382,0,0,9.428571429,83.28571429,572.0,35.92857143,15.92857143,4,-1,2014
98,50,COL,50,COL,339,462,72.78571429,2,10,8,51,19,16,103.48299999999999,34.784,0,28.66,0,0,9.071428571,83.28571429,348.0,38.35714286,18.0,0,1,2014
99,50,URU,50,URU,329,437,74.07142857,0,16,9,49,17,18,105.52,29.951999999999998,0,36.121,0,0,9.428571429,82.14285714,339.0,44.78571429,23.21428571,2,-1,2014
100,51,MEX,51,MEX,311,424,71.42857143,1,12,7,56,12,8,112.375,33.803000000000004,0,44.321000000000005,0,0,8.571428571,83.85714286,310.0,34.21428571,13.78571429,2,-1,2014
101,51,NED,51,NED,461,575,76.21428571,2,14,8,44,8,12,112.55799999999999,43.098,0,36.369,0,0,8.214285713999999,84.0,351.0,47.85714286,23.07142857,1,1,2014
102,52,CRC,52,CRC,334,467,71.28571429,6,6,2,40,22,16,131.321,35.385,0,51.63,0,0,8.071428571,84.57142857,366.0,31.78571429,12.28571429,4,1,2014
103,52,GRE,52,GRE,502,624,78.0,4,24,13,60,16,21,132.491,49.00899999999999,0,36.847,0,0,7.0,86.28571429,382.0,47.71428571,23.64285714,6,-1,2014
104,53,FRA,53,FRA,340,448,76.15384615,1,15,9,53,12,12,103.056,32.214,0,37.552,0,0,9.076923077,83.61538462,372.0,46.07692308,23.38461538,0,1,2014
105,53,NGA,53,NGA,315,421,75.0,0,8,6,47,15,12,96.40100000000001,33.948,0,31.409000000000002,0,0,7.230769231,86.30769231,343.0,36.61538462,16.07692308,1,-1,2014
106,54,ALG,54,ALG,335,504,66.57142857,1,11,7,34,20,10,124.53200000000001,30.483,4,54.044,1,0,10.5,81.0,456.0,28.42857143,10.92857143,2,-1,2014
107,54,GER,54,GER,768,940,79.0,2,29,22,66,11,18,127.414,53.725,4,32.117,1,0,11.21428571,79.42857143,416.0,42.28571429,20.57142857,1,1,2014
108,55,ARG,55,ARG,587,768,74.64285714,1,29,22,63,19,26,135.266,55.964,0,37.931999999999995,3,0,8.5,84.85714286,482.0,50.21428571,27.21428571,0,1,2014
109,55,SUI,55,SUI,335,489,68.21428571,0,14,7,37,28,19,147.20600000000002,38.998000000000005,1,63.536,2,0,9.214285713999999,82.42857143,495.0,35.71428571,16.5,1,-1,2014
110,56,BEL,56,BEL,454,607,72.35714286,2,38,26,46,27,10,147.259,49.978,0,54.951,0,0,9.0,83.57142857,506.0,49.64285714,25.42857143,1,1,2014
111,56,USA,56,USA,579,746,73.85714286,1,14,9,54,11,24,154.944,56.391999999999996,0,53.883,0,0,10.14285714,81.14285714,627.0,36.14285714,16.85714286,2,-1,2014
112,57,BRA,57,BRA,265,369,69.42857143,2,12,6,51,31,23,96.40100000000001,27.709,0,26.925,0,0,8.785714286000001,85.14285714,344.0,31.5,14.0,1,1,2014
113,57,COL,57,COL,253,368,68.0,1,11,5,49,23,30,98.531,27.305999999999997,0,28.528000000000002,0,0,7.857142857,86.07142857,366.0,50.85714286,28.57142857,2,-1,2014
114,58,FRA,58,FRA,376,511,76.71428571,0,13,9,49,15,16,100.531,34.765,3,35.927,0,0,8.428571429,84.07142857,331.0,38.64285714,17.14285714,1,-1,2014
115,58,GER,58,GER,378,517,62.07142857,1,8,6,51,18,15,107.68799999999999,37.589,0,39.353,2,0,10.85714286,80.07142857,330.0,42.07142857,17.78571429,0,1,2014
116,59,CRC,59,CRC,306,456,65.0,3,6,3,33,13,14,140.588,34.969,0,64.703,0,0,8.357142857000001,84.28571429,432.0,31.0,10.35714286,4,-1,2014
117,59,NED,59,NED,671,821,74.42857143,4,20,15,67,15,11,133.03,58.208,0,36.589,0,0,8.357142857000001,85.64285714,420.0,49.42857143,26.21428571,3,1,2014
118,60,ARG,60,ARG,326,443,73.14285714,1,10,7,47,11,13,104.85600000000001,35.107,1,35.041,1,0,8.714285713999999,83.92857143,366.0,34.85714286,14.57142857,0,1,2014
119,60,BEL,60,BEL,351,476,72.14285714,0,10,4,53,14,10,106.789,34.725,6,37.506,2,0,8.571428571,84.14285714,358.0,52.28571429,25.35714286,1,-1,2014
120,61,BRA,61,BRA,433,547,77.28571429,1,18,13,47,11,14,108.90299999999999,42.675,3,44.119,1,0,11.5,79.71428571,493.0,45.78571429,21.85714286,7,-1,2014
121,61,GER,61,GER,483,592,80.0,7,14,12,53,14,10,119.329,46.592,0,47.825,0,0,11.35714286,78.92857143,467.0,39.42857143,16.78571429,1,1,2014
122,62,ARG,62,ARG,490,639,70.85714286,4,8,5,45,10,14,135.415,46.373999999999995,4,57.70399999999999,1,0,8.357142857000001,84.5,493.0,38.28571429,15.28571429,2,1,2014
123,62,NED,62,NED,656,818,80.35714286,2,7,3,55,15,10,139.428,56.281000000000006,4,51.551,2,0,8.214285713999999,83.78571429,466.0,42.35714286,15.71428571,4,-1,2014
124,63,BRA,63,BRA,482,597,79.71428571,0,11,5,58,16,20,104.896,41.177,0,32.861999999999995,0,0,9.142857142999999,83.57142857,439.0,48.78571429,22.5,3,-1,2014
125,63,NED,63,NED,313,410,72.5,3,8,5,42,20,14,112.944,33.367,0,45.49100000000001,0,0,9.0,82.85714286,423.0,27.5,10.07142857,0,1,2014
126,64,ARG,64,ARG,416,586,68.07142857,0,10,2,36,16,19,138.39700000000002,42.626999999999995,2,60.146,2,0,8.642857142999999,84.21428571,487.0,33.85714286,14.07142857,1,-1,2014
127,64,GER,64,GER,736,915,79.28571429,1,10,7,64,20,16,150.487,62.516999999999996,3,49.52,2,0,10.21428571,81.28571429,550.0,47.71428571,23.71428571,0,1,2014
0,1,KSA,1,KSA,443,511,88.21428571,0,6,0,60,10,22,65.35300000000001,43.748000000000005,0,37.247,0,0,10.24107143,82.35385714,403.0,36.78571429,15.64285714,5,-1,2018
1,1,RUS,1,RUS,240,302,80.35714286,5,13,7,40,22,10,117.963,36.596,0,53.208,0,0,13.21428571,80.6355,438.0,47.64285714,24.07142857,0,1,2018
2,2,EGY,2,EGY,308,395,77.97468354,0,8,3,43,12,4,112.1,46.8578,1,65.2422,2,0,9.166227375,82.83042504,336.384,41.33735,19.8147,1,-1,2018
3,2,URU,2,URU,508,589,86.24787776,1,14,4,57,6,12,111.7,46.913999999999994,1,64.786,0,0,9.166227375,82.83042504,336.384,41.33735,19.8147,0,1,2018
4,3,ESP,3,ESP,677,727,91.85714286,3,12,5,61,10,11,82.935,46.461999999999996,0,34.102,0,0,8.258928573,82.92664286,298.0,43.42857143,18.0,3,0,2018
5,3,POR,3,POR,320,366,84.5,3,8,3,39,12,10,102.493,30.1,0,50.056999999999995,0,0,8.258928573,83.24485714,267.0,41.0,20.07142857,3,0,2018
6,4,IRN,4,IRN,129,194,73.64285714,0,8,2,36,14,21,79.604,23.346,0,43.111000000000004,0,0,9.580357141,83.37214286,374.0,29.0,12.5,0,0,2018
7,4,MAR,4,MAR,371,433,78.28571429,0,13,3,64,22,13,101.06200000000001,42.533,0,25.945,0,0,8.589285713999999,83.24485714,340.0,47.64285714,20.07142857,0,0,2018
8,5,AUS,5,AUS,332,390,82.21428571,1,4,1,49,19,14,61.248999999999995,39.754,0,46.691,3,0,10.24107143,81.5265,393.0,35.35714286,15.85714286,1,0,2018
9,5,FRA,5,FRA,423,484,81.64285714,1,13,5,51,16,19,102.839,39.181,0,39.82,1,0,9.25,82.92664286,345.0,52.35714286,27.71428571,1,0,2018
10,6,DEN,6,DEN,282,342,83.85714286,1,10,3,48,18,9,50.18600000000001,38.67,0,45.776,0,0,8.589285713999999,82.863,328.0,39.07142857,17.85714286,0,1,2018
11,6,PER,6,PER,334,394,84.35714286,0,18,6,52,10,16,104.2,43.5556,0,60.6444,0,0,9.166227375,82.83042504,336.384,41.33735,19.8147,1,-1,2018
12,7,ARG,7,ARG,657,718,89.64285714,1,26,7,72,10,14,101.24600000000001,57.004,0,24.136,0,0,6.9375,83.69035714,264.0,62.92857143,36.42857143,1,0,2018
13,7,ISL,7,ISL,127,190,70.35714286,1,9,3,28,15,8,75.038,23.656,0,60.526,0,0,7.9285714270000005,83.24485714,248.0,23.35714286,9.357142857000001,1,0,2018
14,8,CRO,8,CRO,386,462,73.78571429,1,11,2,54,20,13,103.73100000000001,42.919,2,37.796,2,0,12.88392857,81.84471429,394.0,42.92857143,20.14285714,0,1,2018
15,8,NGA,8,NGA,327,388,74.0,0,14,2,46,16,19,80.609,34.343,1,44.77,1,0,8.919642859,83.11757143,324.0,42.07142857,19.21428571,1,-1,2018
16,9,BRA,9,BRA,460,521,89.92857143,1,20,4,52,12,19,103.258,46.309,0,39.318000000000005,0,0,10.24107143,82.73571429,356.0,49.14285714,27.35714286,1,0,2018
17,9,SUI,9,SUI,364,438,70.57142857,1,6,2,48,19,11,77.828,38.501999999999995,0,51.321999999999996,0,0,8.258928573,83.05392857,311.0,33.35714286,13.78571429,1,0,2018
18,10,CRC,10,CRC,355,428,83.0,0,10,3,50,18,15,107.38600000000001,40.033,1,43.015,2,0,6.607142859,83.56307143,279.0,43.85714286,20.85714286,1,-1,2018
19,10,SRB,10,SRB,325,392,78.64285714,1,10,3,50,15,18,69.22800000000001,39.478,3,43.401,2,0,9.910714286000001,82.35385714,306.0,40.71428571,18.21428571,0,1,2018
20,11,GER,11,GER,524,595,85.35714286,0,25,9,60,10,12,109.65100000000001,51.577,0,36.229,0,0,8.589285713999999,81.84471429,348.0,57.78571429,33.21428571,1,-1,2018
21,11,MEX,11,MEX,231,281,81.78571429,1,12,4,40,15,9,76.258,33.762,0,51.458,0,0,8.919642859,82.60842857,322.0,28.64285714,11.57142857,0,1,2018
22,12,KOR,12,KOR,278,351,76.28571429,0,5,0,48,23,20,83.14200000000001,38.053000000000004,0,41.577,0,0,6.9375,83.49942857,308.0,40.21428571,20.14285714,1,-1,2018
23,12,SWE,12,SWE,352,417,81.85714286,1,15,4,52,20,23,101.72200000000001,39.406,0,38.701,0,0,5.9464285729999995,83.75399999999999,254.0,39.21428571,19.92857143,0,1,2018
24,13,BEL,13,BEL,483,544,86.0,3,15,6,61,17,18,102.46600000000001,48.422,1,35.883,3,0,11.23214286,82.03564286,353.0,51.57142857,28.14285714,0,1,2018
25,13,PAN,13,PAN,260,317,80.14285714,0,6,2,39,18,16,80.097,32.233000000000004,3,50.931000000000004,5,0,10.90178571,82.863,370.0,33.35714286,14.57142857,3,-1,2018
26,14,ENG,14,ENG,446,492,82.5,2,17,7,59,8,13,75.331,48.321999999999996,0,30.195999999999998,0,0,9.910714286000001,82.73571429,340.0,56.28571429,31.35714286,1,1,2018
27,14,TUN,14,TUN,266,326,74.35714286,1,6,1,41,14,8,102.86200000000001,26.194000000000003,0,51.528,0,0,8.589285713999999,83.11757143,353.0,21.0,7.0,2,-1,2018
28,15,POL,15,POL,484,554,86.14285714,1,10,4,57,8,13,109.994,45.348,0,39.289,0,0,9.25,82.09928571,357.0,43.21428571,19.5,1,0,2018
29,15,SEN,15,SEN,266,328,78.57142857,1,8,2,43,15,8,56.71,35.707,0,46.668,0,0,10.57142857,81.97200000000001,380.0,38.71428571,16.5,1,0,2018
30,16,COL,16,COL,290,352,81.21428571,1,8,3,41,15,9,93.361,29.701,0,43.803000000000004,0,1,9.25,82.79935714,283.0,32.5,13.78571429,2,-1,2018
31,16,JPN,16,JPN,491,565,85.21428571,2,14,6,59,9,14,71.291,44.284,0,34.851,0,0,8.589285713999999,83.24485714,334.0,50.42857143,25.71428571,1,1,2018
32,17,EGY,17,EGY,356,437,80.57142857,1,13,1,53,10,10,69.617,41.985,0,43.211000000000006,1,0,10.90178571,81.65378571,347.0,41.14285714,20.71428571,2,-1,2018
33,17,RUS,17,RUS,289,380,76.85714286,2,11,3,47,11,10,115.229,42.608000000000004,0,47.34,1,0,11.5625,80.6355,386.0,40.71428571,21.21428571,1,1,2018
34,18,KSA,18,KSA,510,590,82.57142857,0,8,3,53,13,9,70.077,41.777,0,37.891,0,0,6.9375,83.62671429,281.0,46.92857143,23.07142857,1,-1,2018
35,18,URU,18,URU,456,521,85.0,1,13,4,47,10,13,100.667,35.569,0,44.973,0,0,6.276785714,83.49942857,268.0,40.64285714,19.14285714,0,1,2018
36,19,MAR,19,MAR,359,466,74.42857143,0,16,4,53,23,18,57.343,42.373999999999995,0,38.676,0,0,11.23214286,82.09928571,386.0,50.78571429,26.42857143,1,-1,2018
37,19,POR,19,POR,293,387,74.0,1,10,2,47,19,21,105.118,34.367,0,44.875,0,0,10.24107143,82.35385714,329.0,33.35714286,13.92857143,0,1,2018
38,20,ESP,20,ESP,718,805,89.0,1,17,3,70,14,14,55.328,54.961000000000006,0,27.704,0,0,9.910714286000001,81.59014286,339.0,58.64285714,35.57142857,0,1,2018
39,20,IRN,20,IRN,152,219,64.21428571,0,5,0,30,14,14,106.396,25.605,0,59.251000000000005,0,0,10.57142857,82.22657143,322.0,24.42857143,11.78571429,1,-1,2018
40,21,FRA,21,FRA,311,405,71.14285714,1,12,4,44,11,15,102.77600000000001,36.446,0,45.001000000000005,2,0,10.90178571,82.863,307.0,40.64285714,18.71428571,0,1,2018
41,21,PER,21,PER,431,532,78.71428571,0,10,2,56,15,9,71.998,40.746,1,39.661,2,0,7.9285714270000005,83.18121429,331.0,42.71428571,19.71428571,1,-1,2018
42,22,AUS,22,AUS,441,520,79.5,1,14,5,51,5,5,54.345,49.25,0,48.409,0,0,11.5625,81.14464286,414.0,42.5,19.92857143,1,0,2018
43,22,DEN,22,DEN,403,458,86.38461538,1,10,5,49,7,5,111.50200000000001,43.123000000000005,1,50.736000000000004,2,0,11.38461539,82.24615385,388.0,43.61538462,20.92307692,1,0,2018
44,23,ARG,23,ARG,408,505,78.64285714,0,10,3,58,15,22,100.699,39.611999999999995,3,36.775,3,0,8.589285713999999,83.24485714,340.0,47.85714286,20.57142857,3,-1,2018
45,23,CRO,23,CRO,296,372,79.0,3,15,5,42,23,14,64.46,34.036,3,44.831,4,0,11.23214286,81.97200000000001,386.0,33.21428571,15.35714286,0,1,2018
46,24,ISL,24,ISL,218,291,77.28571429,0,10,3,42,10,9,56.021,33.37,0,46.525,0,0,8.589285713999999,82.48114286,359.0,41.42857143,19.0,2,-1,2018
47,24,NGA,24,NGA,399,473,85.42857143,2,16,4,58,9,10,99.67200000000001,41.213,1,33.187,1,0,10.57142857,82.92664286,316.0,39.35714286,17.35714286,0,1,2018
48,25,BRA,25,BRA,662,732,90.14285714,2,23,9,66,11,11,105.07600000000001,58.003,3,29.555,2,0,9.910714286000001,82.54478571,316.0,59.21428571,32.78571429,0,1,2018
49,25,CRC,25,CRC,199,273,72.85714286,0,4,0,34,11,11,59.144,27.691,3,63.816,1,0,9.580357141,82.79935714,311.0,20.78571429,6.928571429,2,-1,2018
50,26,SRB,26,SRB,241,309,75.84615385,1,12,3,42,17,12,115.588,36.154,0,54.821999999999996,0,0,9.605769231,82.10907692,375.0,39.30769231,17.61538462,2,-1,2018
51,26,SUI,26,SUI,474,547,76.78571429,2,20,5,58,12,17,62.49,49.781000000000006,0,38.585,0,0,13.54464286,82.22657143,366.0,46.78571429,23.64285714,1,1,2018
52,27,GER,27,GER,633,699,86.71428571,2,16,5,71,12,12,110.637,60.665,0,25.022,2,1,8.258928573,83.24485714,301.0,58.42857143,36.71428571,1,1,2018
53,27,SWE,27,SWE,165,213,75.64285714,1,8,6,29,13,10,60.483999999999995,22.985,0,62.742,0,0,7.267857141,82.99028571,236.0,27.78571429,12.64285714,2,-1,2018
54,28,KOR,28,KOR,284,346,80.28571429,1,17,6,41,24,7,98.977,32.215,0,44.582,0,0,9.580357141,82.99028571,352.0,33.42857143,14.92857143,2,-1,2018
55,28,MEX,28,MEX,432,485,86.07142857,2,13,5,59,7,21,86.59100000000001,39.951,0,33.342,0,0,8.919642859,83.18121429,301.0,46.35714286,21.57142857,1,1,2018
56,29,BEL,29,BEL,391,468,82.35714286,5,23,12,52,12,13,103.57700000000001,41.068000000000005,0,38.969,0,0,9.580357141,82.79935714,301.0,42.92857143,20.07142857,2,1,2018
57,29,TUN,29,TUN,392,477,80.35714286,2,15,5,48,13,11,71.808,35.958,0,43.156000000000006,0,0,8.589285713999999,82.99028571,350.0,36.0,14.21428571,5,-1,2018
58,30,ENG,30,ENG,557,593,92.07142857,6,12,7,58,14,12,98.559,41.905,3,35.042,1,0,6.9375,83.94492857,276.0,49.07142857,25.71428571,1,1,2018
59,30,PAN,30,PAN,352,398,86.78571429,1,8,2,42,13,14,89.006,30.355999999999998,0,40.162,3,0,5.285714286,84.645,207.0,28.92857143,11.0,6,-1,2018
60,31,COL,31,COL,419,514,80.85714286,3,13,3,55,10,15,48.31399999999999,45.976000000000006,0,38.63,0,0,8.589285713999999,82.73571429,364.0,34.07142857,14.35714286,0,1,2018
61,31,POL,31,POL,335,424,80.5,0,9,2,45,15,9,106.618,35.848,0,48.246,0,0,9.25,83.3085,341.0,43.5,20.78571429,3,-1,2018
62,32,JPN,32,JPN,376,449,76.42857143,2,7,3,54,8,14,105.088,44.278,0,40.594,0,0,10.90178571,82.09928571,367.0,40.5,16.21428571,2,0,2018
63,32,SEN,32,SEN,266,337,72.42857143,2,14,7,46,14,8,82.449,37.423,0,45.956,0,0,10.24107143,82.67207143,356.0,46.57142857,20.78571429,2,0,2018
64,33,RUS,33,RUS,296,355,81.42857143,0,3,1,44,18,17,78.08,30.374000000000002,0,40.683,2,1,9.25,82.60842857,280.0,37.92857143,18.14285714,2,-1,2018
65,33,URU,33,URU,431,492,85.28571429,2,17,7,56,17,17,101.083,38.334,0,32.823,0,0,10.57142857,82.79935714,267.0,41.92857143,20.5,0,1,2018
66,34,EGY,34,EGY,293,363,78.28571429,1,8,1,39,16,7,76.28,30.513,3,54.18899999999999,2,0,9.580357141,82.73571429,300.0,31.21428571,13.85714286,2,-1,2018
67,34,KSA,34,KSA,591,667,81.69230769,2,22,7,61,7,14,101.37899999999999,48.108000000000004,1,31.406999999999996,0,0,8.538461538,83.34276923,333.0,55.30769231,31.53846154,1,1,2018
68,35,IRN,35,IRN,155,226,75.14285714,1,8,2,32,16,10,105.281,25.248,0,49.019,0,0,9.25,82.48114286,399.0,33.5,14.28571429,1,0,2018
69,35,POR,35,POR,548,619,78.5,1,14,4,68,11,15,89.67200000000001,45.538000000000004,0,26.623,0,0,8.919642859,82.67207143,317.0,39.78571429,19.5,1,0,2018
70,36,ESP,36,ESP,694,762,89.0,2,16,4,68,5,17,103.46700000000001,56.277,0,27.921999999999997,0,0,9.580357141,82.60842857,363.0,59.35714286,33.07142857,2,0,2018
71,36,MAR,36,MAR,207,247,84.78571429,2,6,3,32,17,5,51.06,26.548000000000002,0,64.036,0,0,10.57142857,82.22657143,384.0,25.35714286,9.285714286000001,2,0,2018
72,37,DEN,37,DEN,224,303,69.0,0,5,1,38,10,10,106.14399999999999,30.480999999999998,0,58.115,1,0,7.598214286,83.05392857,273.0,31.28571429,13.35714286,0,0,2018
73,37,FRA,37,FRA,581,667,83.64285714,0,11,4,62,10,10,63.543,54.695,1,32.405,0,0,9.910714286000001,83.05392857,343.0,52.71428571,27.64285714,0,0,2018
74,38,AUS,38,AUS,479,554,78.85714286,0,14,2,53,13,11,104.929,44.468999999999994,3,37.257,4,0,9.580357141,83.05392857,296.0,53.07142857,28.64285714,2,-1,2018
75,38,PER,38,PER,339,417,80.21428571,2,4,3,47,12,13,80.452,32.262,1,45.693000000000005,2,0,7.9285714270000005,83.05392857,316.0,30.35714286,10.14285714,0,1,2018
76,39,ARG,39,ARG,476,565,75.85714286,2,8,4,66,15,18,91.26700000000001,46.52,0,28.018,0,0,8.919642859,83.18121429,328.0,47.57142857,23.0,1,1,2018
77,39,NGA,39,NGA,186,244,71.71428571,1,9,3,34,20,15,97.764,24.087,0,49.04600000000001,0,0,6.9375,83.81764286,299.0,33.35714286,14.35714286,2,-1,2018
78,40,CRO,40,CRO,458,524,85.42857143,2,13,2,59,12,10,81.35600000000001,42.626000000000005,0,31.954,2,0,9.25,83.18121429,292.0,38.14285714,18.92857143,1,1,2018
79,40,ISL,40,ISL,238,324,63.14285714,1,17,6,41,10,10,103.324,30.502,1,45.098,3,0,10.90178571,82.22657143,306.0,45.14285714,24.5,2,-1,2018
80,41,BRA,41,BRA,556,630,86.64285714,2,13,6,56,7,11,74.683,45.941,0,40.529,0,0,8.258928573,82.79935714,333.0,36.07142857,14.35714286,0,1,2018
81,41,SRB,41,SRB,362,462,69.42857143,0,10,1,44,13,7,114.16799999999999,40.751,0,53.746,0,0,12.88392857,81.59014286,378.0,46.85714286,24.5,2,-1,2018
82,42,CRC,42,CRC,284,348,81.92857143,1,14,6,40,14,9,63.482,33.679,1,50.255,3,0,11.89285714,81.71742857,330.0,44.28571429,23.07142857,2,-1,2018
83,42,SUI,42,SUI,514,586,85.0,2,12,3,60,9,14,103.212,47.156000000000006,1,36.435,3,0,7.9285714270000005,83.05392857,322.0,37.42857143,16.14285714,1,1,2018
84,43,GER,43,GER,633,719,86.21428571,0,26,6,70,7,15,65.293,56.49100000000001,0,29.865,0,0,8.919642859,82.79935714,375.0,57.35714286,34.28571429,2,-1,2018
85,43,KOR,43,KOR,176,237,77.5,2,11,5,30,16,6,117.647,27.974,0,60.008,0,0,10.57142857,82.48114286,406.0,29.42857143,12.21428571,0,1,2018
86,44,MEX,44,MEX,406,487,82.92857143,0,19,3,65,14,11,94.79299999999999,44.326,0,26.166999999999998,0,0,6.276785714,84.26314286,241.0,53.07142857,29.71428571,2,-1,2018
87,44,SWE,44,SWE,143,212,68.14285714,2,13,5,35,11,12,91.721,26.105999999999998,0,48.949,0,0,6.607142859,83.62671429,238.0,34.28571429,15.57142857,0,1,2018
88,45,BEL,45,BEL,490,556,87.38461538,1,15,4,52,14,11,56.1,42.42,0,45.472,0,0,9.25,82.24615385,339.0,33.69230769,12.38461538,0,1,2018
89,45,ENG,45,ENG,424,484,87.23076923,0,13,1,48,11,13,108.514,41.827,0,47.61,0,0,7.471153844,82.10907692,339.0,43.76923077,22.84615385,1,-1,2018
90,46,PAN,46,PAN,220,284,77.5,0,9,4,36,18,18,102.264,25.763,4,51.187,3,0,8.919642859,83.56307143,332.0,37.64285714,15.21428571,2,-1,2018
91,46,TUN,46,TUN,546,626,88.0,2,15,7,64,19,16,66.789,49.617,1,30.456999999999997,3,0,8.919642859,83.43578571,346.0,44.64285714,19.42857143,0,1,2018
92,47,JPN,47,JPN,478,557,80.78571429,0,10,3,54,11,8,102.45299999999999,37.488,0,40.163000000000004,0,0,7.267857141,84.00857143,309.0,39.71428571,17.5,1,-1,2018
93,47,POL,47,POL,382,462,79.15384615,1,11,2,46,8,11,89.395,35.726,0,38.68,0,0,6.759615387,84.645,241.0,44.07692308,20.61538462,0,1,2018
94,48,COL,48,COL,359,431,81.35714286,1,4,2,57,15,15,99.956,35.195,0,37.067,0,0,9.580357141,82.73571429,342.0,42.35714286,16.78571429,0,1,2018
95,48,SEN,48,SEN,219,281,73.21428571,0,8,3,43,15,14,96.789,34.091,0,37.669000000000004,0,0,9.25,83.18121429,325.0,43.57142857,19.42857143,1,-1,2018
96,49,POR,49,POR,489,584,82.64285714,1,20,5,61,13,13,106.844,52.099,0,29.743000000000002,0,0,6.9375,82.92664286,303.0,55.71428571,32.64285714,2,-1,2018
97,49,URU,49,URU,185,266,70.42857143,2,6,3,39,13,12,105.546,28.511999999999997,0,52.562,0,0,7.267857141,82.79935714,286.0,29.0,11.78571429,1,1,2018
98,50,ARG,50,ARG,471,547,82.92857143,3,9,4,59,15,21,96.331,40.431999999999995,1,32.565,5,0,9.25,83.75399999999999,319.0,45.92857143,22.42857143,4,-1,2018
99,50,FRA,50,FRA,295,351,81.21428571,4,9,4,41,21,15,97.271,30.131999999999998,0,43.041000000000004,3,0,8.919642859,83.3085,306.0,34.57142857,14.21428571,3,1,2018
100,51,ESP,51,ESP,1031,1137,83.53333333,3,25,9,75,5,17,137.009,77.012,0,31.691,0,0,7.708333335,83.9322,355.0,58.53333333,34.2,5,-1,2018
101,51,RUS,51,RUS,204,284,69.4,5,6,1,25,19,4,145.786,29.261999999999997,0,89.447,0,0,8.325,82.7442,372.0,27.8,13.8,3,1,2018
102,52,CRO,52,CRO,506,625,79.2,4,22,7,54,5,19,131.97899999999998,51.161,2,51.262,0,0,7.708333335,83.2788,412.0,42.46666667,20.06666667,3,1,2018
103,52,DEN,52,DEN,425,538,78.46666667,3,15,3,46,19,4,134.905,48.438,0,56.111000000000004,1,0,7.4,83.3382,377.0,39.2,17.06666667,4,-1,2018
104,53,BRA,53,BRA,330,398,83.35714286,2,21,10,47,6,18,99.198,34.366,0,43.038000000000004,0,0,9.910714286000001,83.11757143,344.0,34.85714286,14.5,0,1,2018
105,53,MEX,53,MEX,362,424,82.21428571,0,13,1,53,18,6,97.01899999999999,38.685,0,37.228,0,0,9.580357141,83.24485714,359.0,43.5,20.21428571,2,-1,2018
106,54,BEL,54,BEL,540,621,85.53846154,3,24,8,56,13,8,107.836,45.528,0,39.391,0,0,9.605769231,82.863,333.0,47.15384615,24.0,2,1,2018
107,54,JPN,54,JPN,374,453,81.38461538,2,11,4,44,9,12,108.889,36.129,0,49.742,0,0,10.67307692,82.31469229999999,380.0,35.46153846,13.38461538,3,-1,2018
108,55,SUI,55,SUI,501,599,79.38461538,0,18,4,63,13,11,102.73100000000001,48.971000000000004,0,29.496,1,1,7.115384613,83.47984615,288.0,51.0,28.38461538,1,-1,2018
109,55,SWE,55,SWE,199,271,78.64285714,1,12,3,37,11,12,105.059,27.244,0,52.156000000000006,0,0,7.9285714270000005,83.18121429,286.0,36.64285714,16.35714286,0,1,2018
110,56,COL,56,COL,405,516,77.33333333,4,14,4,49,23,13,135.875,44.86,0,53.257,0,0,7.708333335,83.8134,423.0,35.2,12.33333333,5,-1,2018
111,56,ENG,56,ENG,471,571,77.53333333,5,16,2,51,13,22,142.80200000000002,50.983000000000004,0,52.254,0,0,9.866666665,82.8036,415.0,45.66666667,22.8,4,1,2018
112,57,FRA,57,FRA,427,524,84.07142857,2,11,2,58,15,16,99.37100000000001,39.907,0,32.864000000000004,2,0,7.598214286,82.863,294.0,40.07142857,19.21428571,0,1,2018
113,57,URU,57,URU,215,322,65.5,0,11,4,42,17,15,103.41799999999999,32.408,0,43.551,2,0,7.9285714270000005,83.05392857,300.0,42.28571429,20.07142857,2,-1,2018
114,58,BEL,58,BEL,307,370,84.0,1,8,3,43,16,14,105.194,37.811,0,45.833999999999996,0,0,8.538461538,82.79446154,318.0,29.30769231,11.15384615,1,0,2018
115,58,BRA,58,BRA,493,557,86.92857143,1,26,9,57,14,14,103.509,42.442,0,40.129,0,0,11.23214286,81.97200000000001,385.0,50.92857143,26.78571429,1,0,2018
116,59,CRO,59,CRO,615,753,79.66666667,6,17,3,62,18,24,139.097,62.451,0,41.021,4,0,9.25,82.8036,462.0,40.46666667,18.26666667,5,1,2018
117,59,RUS,59,RUS,276,399,66.4,5,13,7,38,25,15,147.901,40.794000000000004,1,71.661,1,0,11.71666667,81.5562,507.0,40.13333333,19.06666667,6,-1,2018
118,60,ENG,60,ENG,420,525,79.92857143,2,12,2,57,7,9,109.823,45.29,0,38.565,0,0,11.5625,81.97200000000001,356.0,46.0,23.35714286,0,1,2018
119,60,SWE,60,SWE,280,379,71.35714286,0,7,3,43,10,7,106.70100000000001,34.619,0,48.231,0,0,7.598214286,83.18121429,305.0,39.57142857,18.07142857,2,-1,2018
120,61,BEL,61,BEL,565,629,82.64285714,0,9,3,60,16,6,102.115,45.456,1,35.351,3,0,7.9285714270000005,83.24485714,301.0,48.35714286,24.28571429,1,-1,2018
121,61,FRA,61,FRA,294,342,86.38461538,1,19,5,40,6,16,101.609,32.422,1,47.983999999999995,2,0,7.115384613,83.54838462,296.0,34.46153846,14.53846154,0,1,2018
122,62,CRO,62,CRO,494,622,70.66666667,2,22,7,54,23,13,143.286,54.381,1,50.433,2,0,11.40833333,82.3284,530.0,38.6,17.46666667,1,1,2018
123,62,ENG,62,ENG,377,479,70.66666667,1,11,1,46,14,21,147.828,46.547,3,61.544,1,0,8.941666665,82.566,488.0,41.26666667,20.2,2,-1,2018
124,63,BEL,63,BEL,450,510,89.85714286,2,12,4,43,11,5,107.84299999999999,43.864,0,49.674,0,0,8.589285713999999,83.11757143,322.0,32.64285714,12.64285714,0,1,2018
125,63,ENG,63,ENG,641,698,91.14285714,0,15,5,57,5,10,109.646,48.058,0,47.313,0,0,12.22321429,82.4175,378.0,51.07142857,25.85714286,2,-1,2018
126,64,CRO,64,CRO,456,547,80.30769231,2,15,3,61,13,12,100.26100000000001,45.567,1,29.223000000000003,1,0,9.25,83.2056923,349.0,48.53846154,26.61538462,3,-1,2018
127,64,FRA,64,FRA,202,271,72.5,3,8,6,39,14,12,99.238,26.612,1,46.387,2,0,9.910714286000001,83.62671429,318.0,31.28571429,14.28571429,2,1,2018
